{
    "format_version": "1.18.20",
    "minecraft:item": {
        "description": {
            "identifier": "superb:superburger",
            "category": "Items"
        },
        "components": {
            "minecraft:hand_equipped": false,
			"minecraft:stacked_by_data": true,
			"minecraft:foil": false,
            "minecraft:max_stack_size": 64,
            "minecraft:icon": {
                "texture": "superb:superburger"
            },
            "minecraft:use_duration": 0.8,
            "minecraft:food": {
				"nutrition": 120,
				"saturation_modifier": "1.0",
				"can_always_eat": true,
				"on_consume": {
					"event": "on_consume",
					"target": "self"
				}
			},
            "minecraft:use_animation": "eat"
        }
    }
}